[
  {
    "name": "Farmacia Macugnaga Dr. Angelini Roberto",
    "category": "Sanità",
    "location": "Via Monte Rosa 74 - 28876 Macugnaga (VB)",
    "coordinates": { "lat": 45.9698, "lon": 7.9675 },
    "phone": "+39 0324 65487",
    "website": null,
    "hours": "Lun: 09:00-12:30, 15:00-19:00; Mar: 09:00-12:30; Mer: 09:00-12:30, 15:00-19:00; Gio: 09:00-12:30; Ven: 09:00-12:30, 15:00-19:00; Sab: 09:00-12:30, 15:00-19:00; Dom: 09:00-12:30",
    "notes": "Turni di guardia esposti in bacheca.",
    "tags": ["farmacia", "medicinali"]
  },
  {
    "name": "Ufficio Postale Macugnaga",
    "category": "Finanza",
    "location": "Via Ludovico Jacchetti 2/a - 28876, Macugnaga (VB)",
    "coordinates": { "lat": 45.9701, "lon": 7.9678 },
    "phone": "+39 0324 65068",
    "website": "https://www.orari-poste.it/Poste%20-%20Ufficio%20Postale%20Macugnaga/28876/Macugnaga/VUqcDENmW0eAV6z0",
    "hours": "Lun-Sab: 8:20-13:45",
    "notes": "Sportello Bancomat (ATM) disponibile 24/7.",
    "tags": ["banca", "bancomat", "atm"]
  },
  {
    "name": "Ufficio Informazioni IAT",
    "category": "Pubblici",
    "location": "Piazza Municipio, 6 - 28876 Macugnaga (VB)",
    "coordinates": { "lat": 45.9685, "lon": 7.9674 },
    "phone": "+39 0324 65119",
    "website": "https://macugnaga-monterosa.com/",
    "hours": "Ven: 14:00-17:00; Sab: 09:00-13:00, 14:00-17:00; Dom: 09:00-15:00; Lun: 09:00-13:00; Mar: Chiuso; Mer: Chiuso; Gio: Chiuso",
    "notes": "Servizi di informazioni per turisti.",
    "tags": ["turismo", "informazioni"]
  },
  {
    "name": "Ristorante Pizzeria Alpino",
    "category": "Ristorazione",
    "location": "Via Pecetto 12, Pecetto, Macugnaga (VB)",
    "coordinates": { "lat": 45.9595, "lon": 7.9545 },
    "phone": "+39 0324 65012",
    "website": null,
    "hours": "12:00-14:30, 19:00-22:00",
    "notes": "Chiuso il martedì. Prenotazione consigliata nel weekend.",
    "tags": ["cucina tipica", "pizzeria", "polenta", "terrazza"]
  },
  {
    "name": "Hotel Monte Rosa",
    "category": "Ospitalità",
    "location": "Via dei Walser, Staffa, Macugnaga (VB)",
    "coordinates": { "lat": 45.9688, "lon": 7.967 },
    "phone": "+39 0324 65005",
    "website": "https://www.monterosahotel.it",
    "hours": null,
    "notes": "Dispone di centro benessere e ristorante interno.",
    "tags": ["hotel", "spa", "ristorante", "pet friendly"]
  },
  {
    "name": "Funivie Macugnaga (Monte Moro)",
    "category": "Trasporti",
    "location": "Partenza da Staffa, Macugnaga (VB)",
    "coordinates": { "lat": 45.9675, "lon": 7.9655 },
    "phone": "+39 0324 65050",
    "website": "https://www.macugnaga-monterosa.it",
    "hours": "Controllare il sito per orari stagionali.",
    "notes": "Porta al Passo del Monte Moro, al confine con la Svizzera.",
    "tags": ["funivia", "impianti di risalita", "escursioni", "sci"]
  },
  {
    "name": "Chiesa Vecchia e Cimitero Walser",
    "category": "Cultura",
    "location": "Dorf, Macugnaga (VB)",
    "coordinates": { "lat": 45.9725, "lon": 7.965 },
    "phone": null,
    "website": null,
    "hours": "Sempre visitabile dall'esterno.",
    "notes": "Monumento nazionale del XIII secolo, con annesso tiglio secolare.",
    "tags": ["chiesa", "storia", "walser", "cultura"]
  },
  {
    "name": "Ristorante Flizzi",
    "category": "Ristorazione",
    "location": "Piazza Municipio, Staffa, Macugnaga (VB)",
    "coordinates": { "lat": 45.9687, "lon": 7.9672 },
    "phone": "+39 0324 65015",
    "website": null,
    "hours": "12:00-14:30, 19:00-22:00",
    "notes": "Storico ristorante nel centro di Staffa.",
    "tags": ["cucina tipica", "ristorante"]
  },
  {
    "name": "Bar Jazzi Staffa",
    "category": "Ristorazione",
    "location": "Piazza Municipio, Staffa, Macugnaga (VB)",
    "coordinates": { "lat": 45.9689, "lon": 7.9673 },
    "phone": null,
    "website": null,
    "hours": "08:00-22:00",
    "notes": "Bar con terrazza esterna.",
    "tags": ["bar", "aperitivi"]
  },
  {
    "name": "Hotel Dufour",
    "category": "Ospitalità",
    "location": "Via Margherita 8, Staffa, Macugnaga (VB)",
    "coordinates": { "lat": 45.9682, "lon": 7.9682 },
    "phone": "+39 0324 65115",
    "website": "https://www.hoteldufour.it",
    "hours": null,
    "notes": "Hotel panoramico vicino agli impianti.",
    "tags": ["hotel", "vista monte rosa"]
  },
  {
    "name": "Staffa Sport Noleggio Sci & Bike",
    "category": "Servizi",
    "location": "Piazza Municipio, Staffa, Macugnaga (VB)",
    "coordinates": { "lat": 45.9686, "lon": 7.9671 },
    "phone": "+39 0324 65180",
    "website": null,
    "hours": "08:30-18:00",
    "notes": "Noleggio attrezzatura estiva e invernale.",
    "tags": ["noleggio", "sci", "bike"]
  },
  {
    "name": "Minimarket Staffa Despar",
    "category": "Commercio",
    "location": "Via Ludovico Jacchetti, Staffa, Macugnaga (VB)",
    "coordinates": { "lat": 45.9691, "lon": 7.9676 },
    "phone": null,
    "website": null,
    "hours": "08:00-12:30, 15:30-19:00",
    "notes": "Alimentari e prodotti locali.",
    "tags": ["alimentari", "prodotti tipici"]
  }
]
